image_path,zpid,predicted_label,other_label,response_model,input_tokens,output_tokens,cached_input_tokens,latency_s,cost_usd
images/443617919/443617919_1.jpg,443617919,other,dining room,gpt-4o-2024-08-06,307,13,0,1.235,0.000897
images/347275053/347275053_1.jpg,347275053,other,playground,gpt-4o-2024-08-06,307,12,0,1.254,0.000888
images/64547202/64547202_1.jpg,64547202,other,exterior,gpt-4o-2024-08-06,307,12,0,1.354,0.000888
images/79488683/79488683_1.jpg,79488683,living_room,,gpt-4o-2024-08-06,307,12,0,1.355,0.000888
images/338701821/338701821_1.jpg,338701821,living_room,,gpt-4o-2024-08-06,307,12,0,1.56,0.000888
images/452935685/452935685_1.jpg,452935685,other,exterior,gpt-4o-2024-08-06,307,12,0,1.621,0.000888
images/245000657/245000657_1.jpg,245000657,living_room,,gpt-4o-2024-08-06,307,12,0,1.854,0.000888
images/347275053/347275053_2.jpg,347275053,other,exterior,gpt-4o-2024-08-06,307,12,0,1.1,0.000888
images/64547202/64547202_10.jpg,64547202,bedroom,,gpt-4o-2024-08-06,307,12,0,1.188,0.000888
images/79488683/79488683_10.jpg,79488683,other,floorplan,gpt-4o-2024-08-06,307,12,0,1.196,0.000888
images/338701821/338701821_10.jpg,338701821,other,backyard,gpt-4o-2024-08-06,307,12,0,1.04,0.000888
images/452935685/452935685_2.jpg,452935685,other,exterior,gpt-4o-2024-08-06,307,12,0,1.148,0.000888
images/245000657/245000657_10.jpg,245000657,bathroom,,gpt-4o-2024-08-06,307,12,0,0.932,0.000888
images/320251340/320251340_1.jpg,320251340,kitchen,,gpt-4o-2024-08-06,307,12,0,2.861,0.000888
images/338701821/338701821_11.jpg,338701821,other,floorplan,gpt-4o-2024-08-06,307,12,0,0.712,0.000888
images/347275053/347275053_3.jpg,347275053,other,exterior,gpt-4o-2024-08-06,307,12,0,0.971,0.000888
images/79488683/79488683_2.jpg,79488683,kitchen,,gpt-4o-2024-08-06,307,12,0,0.891,0.000888
images/64547202/64547202_11.jpg,64547202,bedroom,,gpt-4o-2024-08-06,307,12,0,0.966,0.000888
images/245000657/245000657_2.jpg,245000657,other,office,gpt-4o-2024-08-06,307,11,0,0.89,0.000878
images/320251340/320251340_2.jpg,320251340,other,dining room,gpt-4o-2024-08-06,307,13,0,0.879,0.000897
images/452935685/452935685_3.jpg,452935685,other,exterior,gpt-4o-2024-08-06,307,12,0,1.103,0.000888
images/443617919/443617919_10.jpg,443617919,other,exterior,gpt-4o-2024-08-06,307,12,0,2.902,0.000888
images/338701821/338701821_2.jpg,338701821,living_room,,gpt-4o-2024-08-06,307,12,0,1.032,0.000888
images/64547202/64547202_12.jpg,64547202,bathroom,,gpt-4o-2024-08-06,307,12,0,0.963,0.000888
images/79488683/79488683_3.jpg,79488683,kitchen,,gpt-4o-2024-08-06,307,12,0,1.15,0.000888
images/320251340/320251340_3.jpg,320251340,living_room,,gpt-4o-2024-08-06,307,12,0,1.059,0.000888
images/347275053/347275053_4.jpg,347275053,other,exterior,gpt-4o-2024-08-06,307,12,0,1.456,0.000888
images/452935685/452935685_4.jpg,452935685,other,dining room,gpt-4o-2024-08-06,307,13,0,1.013,0.000897
images/245000657/245000657_3.jpg,245000657,living_room,,gpt-4o-2024-08-06,307,12,0,1.315,0.000888
images/443617919/443617919_11.jpg,443617919,other,exterior,gpt-4o-2024-08-06,307,12,0,0.966,0.000888
images/64547202/64547202_13.jpg,64547202,bathroom,,gpt-4o-2024-08-06,307,12,0,0.813,0.000888
images/79488683/79488683_4.jpg,79488683,bedroom,,gpt-4o-2024-08-06,307,12,0,0.701,0.000888
images/320251340/320251340_4.jpg,320251340,bedroom,,gpt-4o-2024-08-06,307,12,0,0.973,0.000888
images/452935685/452935685_5.jpg,452935685,kitchen,,gpt-4o-2024-08-06,307,12,0,0.921,0.000888
images/347275053/347275053_5.jpg,347275053,other,lobby,gpt-4o-2024-08-06,307,12,0,1.037,0.000888
images/245000657/245000657_4.jpg,245000657,other,dining room,gpt-4o-2024-08-06,307,13,0,0.99,0.000897
images/79488683/79488683_5.jpg,79488683,bedroom,,gpt-4o-2024-08-06,307,12,0,0.835,0.000888
images/64547202/64547202_14.jpg,64547202,other,office,gpt-4o-2024-08-06,307,11,0,1.058,0.000878
images/443617919/443617919_12.jpg,443617919,other,gym,gpt-4o-2024-08-06,307,11,0,1.354,0.000878
images/452935685/452935685_6.jpg,452935685,kitchen,,gpt-4o-2024-08-06,307,12,0,1.029,0.000888
images/320251340/320251340_5.jpg,320251340,bathroom,,gpt-4o-2024-08-06,307,12,0,1.34,0.000888
images/245000657/245000657_5.jpg,245000657,bedroom,,gpt-4o-2024-08-06,307,12,0,1.128,0.000888
images/347275053/347275053_6.jpg,347275053,other,office,gpt-4o-2024-08-06,307,11,0,1.343,0.000878
images/79488683/79488683_6.jpg,79488683,other,hallway,gpt-4o-2024-08-06,307,12,0,1.259,0.000888
images/64547202/64547202_15.jpg,64547202,other,office,gpt-4o-2024-08-06,307,11,0,1.154,0.000878
images/443617919/443617919_13.jpg,443617919,other,game room,gpt-4o-2024-08-06,307,12,0,1.056,0.000888
images/452935685/452935685_7.jpg,452935685,other,basement,gpt-4o-2024-08-06,307,12,0,1.112,0.000888
images/245000657/245000657_6.jpg,245000657,bedroom,,gpt-4o-2024-08-06,307,12,0,0.968,0.000888
images/377014257/377014257_hero.jpg,377014257,other,exterior,gpt-4o-2024-08-06,307,12,0,1.137,0.000888
images/347275053/347275053_7.jpg,347275053,other,office,gpt-4o-2024-08-06,307,11,0,1.145,0.000878
images/443617919/443617919_14.jpg,443617919,living_room,,gpt-4o-2024-08-06,307,12,0,0.793,0.000888
images/79488683/79488683_7.jpg,79488683,bathroom,,gpt-4o-2024-08-06,307,12,0,1.114,0.000888
images/64547202/64547202_16.jpg,64547202,bathroom,,gpt-4o-2024-08-06,307,12,0,1.433,0.000888
images/452935685/452935685_8.jpg,452935685,other,utility room,gpt-4o-2024-08-06,307,12,0,1.166,0.000888
images/347275053/347275053_8.jpg,347275053,other,gym,gpt-4o-2024-08-06,307,11,0,0.937,0.000878
images/30603151/30603151_hero.jpg,30603151,other,exterior,gpt-4o-2024-08-06,307,12,0,1.029,0.000888
images/245000657/245000657_7.jpg,245000657,kitchen,,gpt-4o-2024-08-06,307,12,0,1.719,0.000888
images/64547202/64547202_17.jpg,64547202,other,laundry room,gpt-4o-2024-08-06,307,13,0,0.981,0.000897
images/452935685/452935685_9.jpg,452935685,other,exterior,gpt-4o-2024-08-06,307,12,0,1.249,0.000888
images/347275053/347275053_9.jpg,347275053,living_room,,gpt-4o-2024-08-06,307,12,0,1.324,0.000888
images/30786133/30786133_1.jpg,30786133,living_room,,gpt-4o-2024-08-06,307,12,0,1.454,0.000888
images/30757140/30757140_1.jpg,30757140,other,exterior,gpt-4o-2024-08-06,307,12,0,1.097,0.000888
images/244993376/244993376_1.jpg,244993376,living_room,,gpt-4o-2024-08-06,307,12,0,2.547,0.000888
images/64547202/64547202_18.jpg,64547202,other,exterior,gpt-4o-2024-08-06,307,12,0,1.197,0.000888
images/347275053/347275053_hero.jpg,347275053,other,exterior,gpt-4o-2024-08-06,307,12,0,1.044,0.000888
images/452935685/452935685_hero.jpg,452935685,other,exterior,gpt-4o-2024-08-06,307,12,0,1.438,0.000888
images/30786133/30786133_10.jpg,30786133,kitchen,,gpt-4o-2024-08-06,307,12,0,1.157,0.000888
images/30757140/30757140_2.jpg,30757140,other,exterior,gpt-4o-2024-08-06,307,12,0,1.024,0.000888
images/244993376/244993376_2.jpg,244993376,living_room,,gpt-4o-2024-08-06,307,12,0,1.162,0.000888
images/457610719/457610719_1.jpg,457610719,living_room,,gpt-4o-2024-08-06,307,12,0,0.79,0.000888
images/64547202/64547202_19.jpg,64547202,other,exterior,gpt-4o-2024-08-06,307,12,0,1.37,0.000888
images/245026215/245026215_1.jpg,245026215,living_room,,gpt-4o-2024-08-06,307,12,0,0.989,0.000888
images/443617919/443617919_15.jpg,443617919,other,dining room,gpt-4o-2024-08-06,307,13,0,4.838,0.000897
images/30757140/30757140_3.jpg,30757140,other,exterior,gpt-4o-2024-08-06,307,12,0,1.271,0.000888
images/244993376/244993376_3.jpg,244993376,bedroom,,gpt-4o-2024-08-06,307,12,0,1.066,0.000888
images/64547202/64547202_2.jpg,64547202,other,exterior,gpt-4o-2024-08-06,307,12,0,1.032,0.000888
images/30786133/30786133_11.jpg,30786133,kitchen,,gpt-4o-2024-08-06,307,12,0,1.819,0.000888
images/457610719/457610719_10.jpg,457610719,other,exterior,gpt-4o-2024-08-06,307,12,0,1.328,0.000888
images/245026215/245026215_10.jpg,245026215,bedroom,,gpt-4o-2024-08-06,307,12,0,1.065,0.000888
images/443617919/443617919_16.jpg,443617919,other,exterior,gpt-4o-2024-08-06,307,12,0,0.987,0.000888
images/30757140/30757140_hero.jpg,30757140,other,exterior,gpt-4o-2024-08-06,307,12,0,1.201,0.000888
images/244993376/244993376_4.jpg,244993376,bedroom,,gpt-4o-2024-08-06,307,12,0,1.173,0.000888
images/30786133/30786133_12.jpg,30786133,other,laundry room,gpt-4o-2024-08-06,307,13,0,1.089,0.000897
images/457610719/457610719_11.jpg,457610719,other,floorplan,gpt-4o-2024-08-06,307,12,0,1.092,0.000888
images/245026215/245026215_11.jpg,245026215,other,hallway,gpt-4o-2024-08-06,307,12,0,1.001,0.000888
images/443617919/443617919_17.jpg,443617919,other,dining room,gpt-4o-2024-08-06,307,13,0,1.204,0.000897
images/244993376/244993376_5.jpg,244993376,kitchen,,gpt-4o-2024-08-06,307,12,0,0.905,0.000888
images/245015247/245015247_1.jpg,245015247,living_room,,gpt-4o-2024-08-06,307,12,0,1.028,0.000888
images/338701821/338701821_3.jpg,338701821,kitchen,,gpt-4o-2024-08-06,307,12,0,11.368,0.000888
images/457610719/457610719_2.jpg,457610719,kitchen,,gpt-4o-2024-08-06,307,12,0,0.88,0.000888
images/245026215/245026215_12.jpg,245026215,other,hallway,gpt-4o-2024-08-06,307,12,0,1.023,0.000888
images/30786133/30786133_13.jpg,30786133,other,empty room,gpt-4o-2024-08-06,307,12,0,1.319,0.000888
images/443617919/443617919_18.jpg,443617919,other,home theater,gpt-4o-2024-08-06,307,12,0,1.092,0.000888
images/338701821/338701821_4.jpg,338701821,bedroom,,gpt-4o-2024-08-06,307,12,0,0.924,0.000888
images/457610719/457610719_3.jpg,457610719,kitchen,,gpt-4o-2024-08-06,307,12,0,1.001,0.000888
images/244993376/244993376_6.jpg,244993376,kitchen,,gpt-4o-2024-08-06,307,12,0,1.415,0.000888
images/245026215/245026215_13.jpg,245026215,bathroom,,gpt-4o-2024-08-06,307,12,0,1.054,0.000888
images/30786133/30786133_14.jpg,30786133,other,other,gpt-4o-2024-08-06,307,11,0,0.951,0.000878
images/64547202/64547202_20.jpg,64547202,other,exterior,gpt-4o-2024-08-06,307,12,0,3.746,0.000888
images/443617919/443617919_19.jpg,443617919,other,playroom,gpt-4o-2024-08-06,307,12,0,0.935,0.000888
images/244993376/244993376_7.jpg,244993376,bathroom,,gpt-4o-2024-08-06,307,12,0,0.752,0.000888
images/457610719/457610719_4.jpg,457610719,bedroom,,gpt-4o-2024-08-06,307,12,0,1.076,0.000888
images/30786133/30786133_15.jpg,30786133,bedroom,,gpt-4o-2024-08-06,307,12,0,0.968,0.000888
images/443617919/443617919_2.jpg,443617919,kitchen,,gpt-4o-2024-08-06,307,12,0,0.923,0.000888
images/72670045/72670045_1.jpg,72670045,other,dining room,gpt-4o-2024-08-06,307,13,0,0.764,0.000897
images/64547202/64547202_21.jpg,64547202,other,closet,gpt-4o-2024-08-06,307,12,0,1.241,0.000888
images/30786133/30786133_16.jpg,30786133,bedroom,,gpt-4o-2024-08-06,307,12,0,0.8,0.000888
images/443617919/443617919_20.jpg,443617919,other,floorplan,gpt-4o-2024-08-06,307,12,0,0.853,0.000888
images/245015247/245015247_10.jpg,245015247,other,closet,gpt-4o-2024-08-06,307,12,0,4.028,0.000888
images/72670045/72670045_2.jpg,72670045,bedroom,,gpt-4o-2024-08-06,307,12,0,1.341,0.000888
images/64547202/64547202_22.jpg,64547202,other,exterior,gpt-4o-2024-08-06,307,12,0,1.242,0.000888
images/338701821/338701821_5.jpg,338701821,other,office,gpt-4o-2024-08-06,307,11,0,3.412,0.000878
images/30786133/30786133_17.jpg,30786133,other,other,gpt-4o-2024-08-06,307,11,0,1.591,0.000878
images/64547202/64547202_23.jpg,64547202,other,floorplan,gpt-4o-2024-08-06,307,12,0,0.894,0.000888
images/338701821/338701821_6.jpg,338701821,other,hallway,gpt-4o-2024-08-06,307,12,0,0.87,0.000888
images/245026215/245026215_14.jpg,245026215,other,exterior,gpt-4o-2024-08-06,307,12,0,4.421,0.000888
images/64547202/64547202_3.jpg,64547202,living_room,,gpt-4o-2024-08-06,307,12,0,0.788,0.000888
images/30786133/30786133_18.jpg,30786133,bathroom,,gpt-4o-2024-08-06,307,12,0,1.049,0.000888
images/457610719/457610719_5.jpg,457610719,other,exterior,gpt-4o-2024-08-06,307,12,0,1.064,0.000888
images/457610719/457610719_6.jpg,457610719,bathroom,,gpt-4o-2024-08-06,307,12,0,1.283,0.000888
images/245015247/245015247_11.jpg,245015247,other,exterior,gpt-4o-2024-08-06,307,12,0,3.945,0.000888
images/443617919/443617919_3.jpg,443617919,bedroom,,gpt-4o-2024-08-06,307,12,0,4.604,0.000888
images/72670045/72670045_3.jpg,72670045,other,nursery,gpt-4o-2024-08-06,307,12,0,4.518,0.000888
images/338701821/338701821_7.jpg,338701821,bathroom,,gpt-4o-2024-08-06,307,12,0,3.26,0.000888
images/245026215/245026215_15.jpg,245026215,other,laundry room,gpt-4o-2024-08-06,307,13,0,2.948,0.000897
images/64547202/64547202_4.jpg,64547202,living_room,,gpt-4o-2024-08-06,307,12,0,3.206,0.000888
images/443617919/443617919_4.jpg,443617919,bathroom,,gpt-4o-2024-08-06,307,12,0,2.581,0.000888
images/245015247/245015247_12.jpg,245015247,other,exterior,gpt-4o-2024-08-06,307,12,0,3.24,0.000888
images/72670045/72670045_4.jpg,72670045,kitchen,,gpt-4o-2024-08-06,307,12,0,2.594,0.000888
images/320252928/320252928_1.jpg,320252928,living_room,,gpt-4o-2024-08-06,307,12,0,4.012,0.000888
images/443113142/443113142_1.jpg,443113142,other,floorplan,gpt-4o-2024-08-06,307,12,0,2.98,0.000888
images/64547202/64547202_5.jpg,64547202,living_room,,gpt-4o-2024-08-06,307,12,0,2.558,0.000888
images/245026215/245026215_16.jpg,245026215,other,hallway,gpt-4o-2024-08-06,307,12,0,0.947,0.000888
images/245015247/245015247_13.jpg,245015247,other,hallway,gpt-4o-2024-08-06,307,12,0,2.804,0.000888
images/338705381/338705381_1.jpg,338705381,living_room,,gpt-4o-2024-08-06,307,12,0,3.308,0.000888
images/457917688/457917688_1.jpg,457917688,bedroom,,gpt-4o-2024-08-06,307,12,0,3.661,0.000888
images/443113142/443113142_hero.jpg,443113142,other,exterior,gpt-4o-2024-08-06,307,12,0,4.761,0.000888
images/64547202/64547202_6.jpg,64547202,other,dining room,gpt-4o-2024-08-06,307,13,0,4.804,0.000897
images/245026215/245026215_17.jpg,245026215,other,exterior,gpt-4o-2024-08-06,307,12,0,3.02,0.000888
images/338705381/338705381_10.jpg,338705381,bedroom,,gpt-4o-2024-08-06,307,12,0,2.726,0.000888
images/320255113/320255113_1.jpg,320255113,other,dining room,gpt-4o-2024-08-06,307,13,0,2.828,0.000897
images/320252928/320252928_10.jpg,320252928,bathroom,,gpt-4o-2024-08-06,307,12,0,3.112,0.000888
images/64547202/64547202_7.jpg,64547202,kitchen,,gpt-4o-2024-08-06,307,12,0,3.106,0.000888
images/457917688/457917688_10.jpg,457917688,other,hallway,gpt-4o-2024-08-06,307,12,0,5.499,0.000888
images/338705381/338705381_11.jpg,338705381,bedroom,,gpt-4o-2024-08-06,307,12,0,4.261,0.000888
images/457917688/457917688_11.jpg,457917688,other,laundry room,gpt-4o-2024-08-06,307,13,0,1.861,0.000897
images/320252928/320252928_11.jpg,320252928,other,staircase,gpt-4o-2024-08-06,307,13,0,2.446,0.000897
images/320255113/320255113_10.jpg,320255113,bedroom,,gpt-4o-2024-08-06,307,12,0,2.935,0.000888
images/338705381/338705381_12.jpg,338705381,bathroom,,gpt-4o-2024-08-06,307,12,0,1.129,0.000888
images/245026215/245026215_18.jpg,245026215,other,floorplan,gpt-4o-2024-08-06,307,12,0,2.565,0.000888
images/320253598/320253598_1.jpg,320253598,other,backyard,gpt-4o-2024-08-06,307,12,0,5.188,0.000888
images/72670045/72670045_5.jpg,72670045,kitchen,,gpt-4o-2024-08-06,307,12,0,1.364,0.000888
images/338705381/338705381_13.jpg,338705381,bathroom,,gpt-4o-2024-08-06,307,12,0,2.933,0.000888
images/457917688/457917688_12.jpg,457917688,other,laundry room,gpt-4o-2024-08-06,307,13,0,3.923,0.000897
images/245026215/245026215_2.jpg,245026215,kitchen,,gpt-4o-2024-08-06,307,12,0,2.536,0.000888
images/320252928/320252928_12.jpg,320252928,living_room,,gpt-4o-2024-08-06,307,12,0,4.875,0.000888
images/457917688/457917688_13.jpg,457917688,other,laundry room,gpt-4o-2024-08-06,307,13,0,2.845,0.000897
images/320252928/320252928_13.jpg,320252928,other,exterior,gpt-4o-2024-08-06,307,12,0,1.632,0.000888
images/72670045/72670045_6.jpg,72670045,bathroom,,gpt-4o-2024-08-06,307,12,0,4.427,0.000888
images/72670045/72670045_7.jpg,72670045,other,floorplan,gpt-4o-2024-08-06,307,12,0,0.831,0.000888
images/320255113/320255113_11.jpg,320255113,other,laundry room,gpt-4o-2024-08-06,307,13,0,2.889,0.000897
images/320255113/320255113_12.jpg,320255113,other,garage,gpt-4o-2024-08-06,307,11,0,1.259,0.000878
images/320252928/320252928_14.jpg,320252928,other,exterior,gpt-4o-2024-08-06,307,12,0,3.192,0.000888
images/320253598/320253598_10.jpg,320253598,bathroom,,gpt-4o-2024-08-06,307,12,0,2.865,0.000888
images/444358981/444358981_1.jpg,444358981,other,exterior,gpt-4o-2024-08-06,307,12,0,1.196,0.000888
images/338705381/338705381_14.jpg,338705381,other,exterior,gpt-4o-2024-08-06,307,12,0,3.142,0.000888
images/72670045/72670045_hero.jpg,72670045,living_room,,gpt-4o-2024-08-06,307,12,0,1.122,0.000888
images/320255113/320255113_13.jpg,320255113,other,exterior,gpt-4o-2024-08-06,307,12,0,3.71,0.000888
images/457917688/457917688_14.jpg,457917688,living_room,,gpt-4o-2024-08-06,307,12,0,2.887,0.000888
images/338705381/338705381_15.jpg,338705381,other,hallway,gpt-4o-2024-08-06,307,12,0,3.212,0.000888
images/347205007/347205007_1.jpg,347205007,other,exterior,gpt-4o-2024-08-06,307,12,0,2.097,0.000888
images/320255113/320255113_2.jpg,320255113,kitchen,,gpt-4o-2024-08-06,307,12,0,2.126,0.000888
images/444358981/444358981_10.jpg,444358981,bathroom,,gpt-4o-2024-08-06,307,12,0,3.708,0.000888
images/320253598/320253598_11.jpg,320253598,other,floorplan,gpt-4o-2024-08-06,307,12,0,0.848,0.000888
images/338705381/338705381_16.jpg,338705381,other,exterior,gpt-4o-2024-08-06,307,12,0,3.011,0.000888
images/457917688/457917688_15.jpg,457917688,other,exterior,gpt-4o-2024-08-06,307,12,0,3.442,0.000888
images/457917688/457917688_16.jpg,457917688,other,exterior,gpt-4o-2024-08-06,307,12,0,1.304,0.000888
images/320253598/320253598_12.jpg,320253598,other,floorplan,gpt-4o-2024-08-06,307,12,0,2.563,0.000888
images/338705381/338705381_17.jpg,338705381,other,gym,gpt-4o-2024-08-06,307,11,0,2.398,0.000878
images/320255113/320255113_3.jpg,320255113,kitchen,,gpt-4o-2024-08-06,307,12,0,4.964,0.000888
images/457917688/457917688_17.jpg,457917688,other,office,gpt-4o-2024-08-06,307,11,0,1.093,0.000878
images/444358981/444358981_11.jpg,444358981,bedroom,,gpt-4o-2024-08-06,307,12,0,5.76,0.000888
images/320252928/320252928_15.jpg,320252928,bathroom,,gpt-4o-2024-08-06,307,12,0,1.129,0.000888
images/444358981/444358981_12.jpg,444358981,bathroom,,gpt-4o-2024-08-06,307,12,0,2.442,0.000888
images/457917688/457917688_18.jpg,457917688,bedroom,,gpt-4o-2024-08-06,307,12,0,3.197,0.000888
images/320252928/320252928_16.jpg,320252928,other,exterior,gpt-4o-2024-08-06,307,12,0,1.407,0.000888
images/320253598/320253598_2.jpg,320253598,kitchen,,gpt-4o-2024-08-06,307,12,0,0.681,0.000888
images/338705381/338705381_18.jpg,338705381,other,exterior,gpt-4o-2024-08-06,307,12,0,1.138,0.000888
images/320255113/320255113_4.jpg,320255113,bathroom,,gpt-4o-2024-08-06,307,12,0,3.142,0.000888
images/347205007/347205007_10.jpg,347205007,living_room,,gpt-4o-2024-08-06,307,12,0,2.067,0.000888
images/347205007/347205007_11.jpg,347205007,kitchen,,gpt-4o-2024-08-06,307,12,0,0.882,0.000888
images/320255113/320255113_5.jpg,320255113,other,hallway,gpt-4o-2024-08-06,307,12,0,1.228,0.000888
images/338705381/338705381_19.jpg,338705381,other,floorplan,gpt-4o-2024-08-06,307,12,0,3.255,0.000888
images/320253598/320253598_3.jpg,320253598,other,hallway,gpt-4o-2024-08-06,307,12,0,3.919,0.000888
images/444358981/444358981_13.jpg,444358981,bedroom,,gpt-4o-2024-08-06,307,12,0,2.824,0.000888
images/320252928/320252928_17.jpg,320252928,other,floorplan,gpt-4o-2024-08-06,307,12,0,2.34,0.000888
images/347205007/347205007_12.jpg,347205007,living_room,,gpt-4o-2024-08-06,307,12,0,3.012,0.000888
images/320255113/320255113_6.jpg,320255113,other,hallway,gpt-4o-2024-08-06,307,12,0,2.969,0.000888
images/320253598/320253598_4.jpg,320253598,other,other,gpt-4o-2024-08-06,307,11,0,2.821,0.000878
images/338705381/338705381_2.jpg,338705381,kitchen,,gpt-4o-2024-08-06,307,12,0,3.195,0.000888
images/457917688/457917688_19.jpg,457917688,other,office,gpt-4o-2024-08-06,307,11,0,4.819,0.000878
images/111711535/111711535_1.jpg,111711535,living_room,,gpt-4o-2024-08-06,307,12,0,2.529,0.000888
images/444358981/444358981_14.jpg,444358981,living_room,,gpt-4o-2024-08-06,307,12,0,3.121,0.000888
images/347205007/347205007_13.jpg,347205007,kitchen,,gpt-4o-2024-08-06,307,12,0,3.066,0.000888
images/320252928/320252928_2.jpg,320252928,kitchen,,gpt-4o-2024-08-06,307,12,0,3.211,0.000888
images/320253598/320253598_5.jpg,320253598,bedroom,,gpt-4o-2024-08-06,307,12,0,3.051,0.000888
images/320255113/320255113_7.jpg,320255113,bedroom,,gpt-4o-2024-08-06,307,12,0,4.19,0.000888
images/320253598/320253598_6.jpg,320253598,bathroom,,gpt-4o-2024-08-06,307,12,0,2.596,0.000888
images/444358981/444358981_15.jpg,444358981,bedroom,,gpt-4o-2024-08-06,307,12,0,2.839,0.000888
images/457917688/457917688_2.jpg,457917688,kitchen,,gpt-4o-2024-08-06,307,12,0,1.146,0.000888
images/320253598/320253598_7.jpg,320253598,bathroom,,gpt-4o-2024-08-06,307,12,0,3.579,0.000888
images/457917688/457917688_20.jpg,457917688,other,office,gpt-4o-2024-08-06,307,11,0,1.241,0.000878
images/320255113/320255113_8.jpg,320255113,bedroom,,gpt-4o-2024-08-06,307,12,0,1.254,0.000888
images/245015247/245015247_14.jpg,245015247,other,hallway,gpt-4o-2024-08-06,307,12,0,1.378,0.000888
images/320252928/320252928_3.jpg,320252928,kitchen,,gpt-4o-2024-08-06,307,12,0,1.476,0.000888
images/320255113/320255113_9.jpg,320255113,other,hallway,gpt-4o-2024-08-06,307,12,0,0.915,0.000888
images/457917688/457917688_21.jpg,457917688,other,office,gpt-4o-2024-08-06,307,11,0,1.101,0.000878
images/245015247/245015247_15.jpg,245015247,other,laundry room,gpt-4o-2024-08-06,307,13,0,1.092,0.000897
images/320252928/320252928_4.jpg,320252928,other,backyard,gpt-4o-2024-08-06,307,12,0,1.188,0.000888
images/457917688/457917688_22.jpg,457917688,other,utility room,gpt-4o-2024-08-06,307,12,0,0.985,0.000888
images/245015247/245015247_16.jpg,245015247,other,exterior,gpt-4o-2024-08-06,307,12,0,0.962,0.000888
images/320255113/320255113_hero.jpg,320255113,other,exterior,gpt-4o-2024-08-06,307,12,0,1.346,0.000888
images/320252928/320252928_5.jpg,320252928,other,backyard,gpt-4o-2024-08-06,307,12,0,1.537,0.000888
images/320253598/320253598_8.jpg,320253598,living_room,,gpt-4o-2024-08-06,307,12,0,0.775,0.000888
images/457917688/457917688_23.jpg,457917688,other,utility room,gpt-4o-2024-08-06,307,12,0,1.625,0.000888
images/245015247/245015247_17.jpg,245015247,other,exterior,gpt-4o-2024-08-06,307,12,0,1.542,0.000888
images/320252928/320252928_6.jpg,320252928,other,backyard,gpt-4o-2024-08-06,307,12,0,1.267,0.000888
images/444358981/444358981_16.jpg,444358981,other,exterior,gpt-4o-2024-08-06,307,12,0,1.268,0.000888
images/245015247/245015247_18.jpg,245015247,other,exterior,gpt-4o-2024-08-06,307,12,0,0.959,0.000888
images/457917688/457917688_24.jpg,457917688,other,closet,gpt-4o-2024-08-06,307,12,0,1.243,0.000888
images/245015247/245015247_19.jpg,245015247,other,exterior,gpt-4o-2024-08-06,307,12,0,1.025,0.000888
images/444358981/444358981_2.jpg,444358981,living_room,,gpt-4o-2024-08-06,307,12,0,1.45,0.000888
images/457917688/457917688_25.jpg,457917688,other,exterior,gpt-4o-2024-08-06,307,12,0,1.279,0.000888
images/320252928/320252928_7.jpg,320252928,bedroom,,gpt-4o-2024-08-06,307,12,0,2.089,0.000888
images/444358981/444358981_3.jpg,444358981,living_room,,gpt-4o-2024-08-06,307,12,0,0.792,0.000888
images/245015247/245015247_2.jpg,245015247,bedroom,,gpt-4o-2024-08-06,307,12,0,1.126,0.000888
images/457917688/457917688_26.jpg,457917688,other,exterior,gpt-4o-2024-08-06,307,12,0,0.791,0.000888
images/444358981/444358981_4.jpg,444358981,living_room,,gpt-4o-2024-08-06,307,12,0,1.199,0.000888
images/245015247/245015247_20.jpg,245015247,other,floorplan,gpt-4o-2024-08-06,307,12,0,0.99,0.000888
images/457917688/457917688_27.jpg,457917688,other,exterior,gpt-4o-2024-08-06,307,12,0,0.987,0.000888
images/444358981/444358981_5.jpg,444358981,living_room,,gpt-4o-2024-08-06,307,12,0,0.822,0.000888
images/245015247/245015247_3.jpg,245015247,living_room,,gpt-4o-2024-08-06,307,12,0,0.801,0.000888
images/457917688/457917688_28.jpg,457917688,other,exterior,gpt-4o-2024-08-06,307,12,0,0.903,0.000888
images/347205007/347205007_14.jpg,347205007,kitchen,,gpt-4o-2024-08-06,307,12,0,3.188,0.000888
images/444358981/444358981_6.jpg,444358981,living_room,,gpt-4o-2024-08-06,307,12,0,1.051,0.000888
images/245015247/245015247_4.jpg,245015247,bedroom,,gpt-4o-2024-08-06,307,12,0,1.075,0.000888
images/457917688/457917688_29.jpg,457917688,other,floorplan,gpt-4o-2024-08-06,307,12,0,1.459,0.000888
images/245015247/245015247_5.jpg,245015247,bedroom,,gpt-4o-2024-08-06,307,12,0,0.768,0.000888
images/347205007/347205007_15.jpg,347205007,kitchen,,gpt-4o-2024-08-06,307,12,0,1.004,0.000888
images/444358981/444358981_7.jpg,444358981,living_room,,gpt-4o-2024-08-06,307,12,0,1.078,0.000888
images/457917688/457917688_3.jpg,457917688,bedroom,,gpt-4o-2024-08-06,307,12,0,0.749,0.000888
images/347205007/347205007_16.jpg,347205007,kitchen,,gpt-4o-2024-08-06,307,12,0,0.865,0.000888
images/444358981/444358981_8.jpg,444358981,kitchen,,gpt-4o-2024-08-06,307,12,0,0.839,0.000888
images/245015247/245015247_6.jpg,245015247,kitchen,,gpt-4o-2024-08-06,307,12,0,1.405,0.000888
images/457917688/457917688_30.jpg,457917688,other,floorplan,gpt-4o-2024-08-06,307,12,0,0.953,0.000888
images/111711535/111711535_10.jpg,111711535,other,hallway,gpt-4o-2024-08-06,307,12,0,0.91,0.000888
images/347205007/347205007_17.jpg,347205007,kitchen,,gpt-4o-2024-08-06,307,12,0,1.343,0.000888
images/245015247/245015247_7.jpg,245015247,kitchen,,gpt-4o-2024-08-06,307,12,0,0.937,0.000888
images/457917688/457917688_4.jpg,457917688,bathroom,,gpt-4o-2024-08-06,307,12,0,0.978,0.000888
images/111711535/111711535_11.jpg,111711535,other,exterior,gpt-4o-2024-08-06,307,12,0,0.891,0.000888
images/347205007/347205007_18.jpg,347205007,kitchen,,gpt-4o-2024-08-06,307,12,0,0.733,0.000888
images/245015247/245015247_8.jpg,245015247,bathroom,,gpt-4o-2024-08-06,307,12,0,1.234,0.000888
images/347205007/347205007_19.jpg,347205007,other,dining room,gpt-4o-2024-08-06,307,13,0,0.866,0.000897
images/111711535/111711535_12.jpg,111711535,other,laundry room,gpt-4o-2024-08-06,307,13,0,1.044,0.000897
images/30603658/30603658_1.jpg,30603658,other,exterior,gpt-4o-2024-08-06,307,12,0,1.345,0.000888
images/68313646/68313646_1.jpg,68313646,living_room,,gpt-4o-2024-08-06,307,12,0,0.917,0.000888
images/347205007/347205007_2.jpg,347205007,other,exterior,gpt-4o-2024-08-06,307,12,0,0.993,0.000888
images/30603658/30603658_hero.jpg,30603658,other,exterior,gpt-4o-2024-08-06,307,12,0,0.985,0.000888
images/111711535/111711535_13.jpg,111711535,other,exterior,gpt-4o-2024-08-06,307,12,0,1.175,0.000888
images/68313646/68313646_2.jpg,68313646,kitchen,,gpt-4o-2024-08-06,307,12,0,0.862,0.000888
images/347205007/347205007_20.jpg,347205007,living_room,,gpt-4o-2024-08-06,307,12,0,0.75,0.000888
images/245026136/245026136_1.jpg,245026136,other,dining room,gpt-4o-2024-08-06,307,13,0,0.801,0.000897
images/111711535/111711535_14.jpg,111711535,other,floorplan,gpt-4o-2024-08-06,307,12,0,0.992,0.000888
images/245026136/245026136_2.jpg,245026136,living_room,,gpt-4o-2024-08-06,307,12,0,0.84,0.000888
images/68313646/68313646_3.jpg,68313646,bedroom,,gpt-4o-2024-08-06,307,12,0,1.207,0.000888
images/347205007/347205007_21.jpg,347205007,other,hallway,gpt-4o-2024-08-06,307,12,0,1.188,0.000888
images/111711535/111711535_2.jpg,111711535,living_room,,gpt-4o-2024-08-06,307,12,0,0.703,0.000888
images/347205007/347205007_22.jpg,347205007,bathroom,,gpt-4o-2024-08-06,307,12,0,0.781,0.000888
images/245026136/245026136_3.jpg,245026136,bathroom,,gpt-4o-2024-08-06,307,12,0,1.016,0.000888
images/111711535/111711535_3.jpg,111711535,living_room,,gpt-4o-2024-08-06,307,12,0,0.964,0.000888
images/68313646/68313646_4.jpg,68313646,bathroom,,gpt-4o-2024-08-06,307,12,0,1.954,0.000888
images/111711535/111711535_4.jpg,111711535,other,dining room,gpt-4o-2024-08-06,307,13,0,0.964,0.000897
images/245026136/245026136_4.jpg,245026136,bathroom,,gpt-4o-2024-08-06,307,12,0,1.151,0.000888
images/347205007/347205007_23.jpg,347205007,bedroom,,gpt-4o-2024-08-06,307,12,0,1.618,0.000888
images/30599448/30599448_1.jpg,30599448,other,hallway,gpt-4o-2024-08-06,307,12,0,0.92,0.000888
images/111711535/111711535_5.jpg,111711535,kitchen,,gpt-4o-2024-08-06,307,12,0,0.948,0.000888
images/245026136/245026136_hero.jpg,245026136,other,floorplan,gpt-4o-2024-08-06,307,12,0,1.049,0.000888
images/245523004/245523004_1.jpg,245523004,kitchen,,gpt-4o-2024-08-06,307,12,0,0.796,0.000888
images/30599448/30599448_10.jpg,30599448,bedroom,,gpt-4o-2024-08-06,307,12,0,0.992,0.000888
images/245060365/245060365_1.jpg,245060365,living_room,,gpt-4o-2024-08-06,307,12,0,0.983,0.000888
images/111711535/111711535_6.jpg,111711535,kitchen,,gpt-4o-2024-08-06,307,12,0,1.121,0.000888
images/245523004/245523004_10.jpg,245523004,other,closet,gpt-4o-2024-08-06,307,12,0,0.864,0.000888
images/30599448/30599448_11.jpg,30599448,bathroom,,gpt-4o-2024-08-06,307,12,0,0.779,0.000888
images/111711535/111711535_7.jpg,111711535,bedroom,,gpt-4o-2024-08-06,307,12,0,0.881,0.000888
images/245523004/245523004_11.jpg,245523004,bathroom,,gpt-4o-2024-08-06,307,12,0,0.844,0.000888
images/30599448/30599448_12.jpg,30599448,other,backyard,gpt-4o-2024-08-06,307,12,0,1.028,0.000888
images/245060365/245060365_10.jpg,245060365,other,nursery,gpt-4o-2024-08-06,307,12,0,1.622,0.000888
images/245523004/245523004_12.jpg,245523004,other,exterior,gpt-4o-2024-08-06,307,12,0,0.923,0.000888
images/111711535/111711535_8.jpg,111711535,bedroom,,gpt-4o-2024-08-06,307,12,0,1.156,0.000888
images/30599448/30599448_13.jpg,30599448,other,floorplan,gpt-4o-2024-08-06,307,12,0,1.291,0.000888
images/245523004/245523004_13.jpg,245523004,other,exterior,gpt-4o-2024-08-06,307,12,0,1.291,0.000888
images/111711535/111711535_9.jpg,111711535,bathroom,,gpt-4o-2024-08-06,307,12,0,1.15,0.000888
images/245060365/245060365_11.jpg,245060365,bathroom,,gpt-4o-2024-08-06,307,12,0,1.686,0.000888
images/30599448/30599448_2.jpg,30599448,other,hallway,gpt-4o-2024-08-06,307,12,0,0.874,0.000888
images/119987338/119987338_1.jpg,119987338,other,exterior,gpt-4o-2024-08-06,307,12,0,0.77,0.000888
images/245523004/245523004_14.jpg,245523004,other,exterior,gpt-4o-2024-08-06,307,12,0,0.945,0.000888
images/245060365/245060365_12.jpg,245060365,bathroom,,gpt-4o-2024-08-06,307,12,0,0.991,0.000888
images/30599448/30599448_3.jpg,30599448,living_room,,gpt-4o-2024-08-06,307,12,0,0.824,0.000888
images/245523004/245523004_15.jpg,245523004,other,lobby,gpt-4o-2024-08-06,307,12,0,0.884,0.000888
images/245060365/245060365_13.jpg,245060365,other,exterior,gpt-4o-2024-08-06,307,12,0,0.835,0.000888
images/30599448/30599448_4.jpg,30599448,living_room,,gpt-4o-2024-08-06,307,12,0,0.837,0.000888
images/245060365/245060365_14.jpg,245060365,other,exterior,gpt-4o-2024-08-06,307,12,0,0.874,0.000888
images/30599448/30599448_5.jpg,30599448,other,dining room,gpt-4o-2024-08-06,307,13,0,0.871,0.000897
images/245523004/245523004_16.jpg,245523004,other,exterior,gpt-4o-2024-08-06,307,12,0,1.538,0.000888
images/245060365/245060365_15.jpg,245060365,other,floorplan,gpt-4o-2024-08-06,307,12,0,1.154,0.000888
images/30599448/30599448_6.jpg,30599448,kitchen,,gpt-4o-2024-08-06,307,12,0,1.296,0.000888
images/245523004/245523004_17.jpg,245523004,other,hallway,gpt-4o-2024-08-06,307,12,0,1.068,0.000888
images/245060365/245060365_2.jpg,245060365,other,dining room,gpt-4o-2024-08-06,307,13,0,1.066,0.000897
images/245523004/245523004_18.jpg,245523004,other,playground,gpt-4o-2024-08-06,307,12,0,0.937,0.000888
images/300074943/300074943_1.jpg,300074943,living_room,,gpt-4o-2024-08-06,307,12,0,1.246,0.000888
images/245060365/245060365_3.jpg,245060365,other,dining room,gpt-4o-2024-08-06,307,13,0,0.874,0.000897
images/119987338/119987338_10.jpg,119987338,other,dining room,gpt-4o-2024-08-06,307,13,0,5.222,0.000897
images/245523004/245523004_19.jpg,245523004,other,gym,gpt-4o-2024-08-06,307,11,0,1.034,0.000878
images/245060365/245060365_4.jpg,245060365,kitchen,,gpt-4o-2024-08-06,307,12,0,0.871,0.000888
images/300074943/300074943_10.jpg,300074943,other,exterior,gpt-4o-2024-08-06,307,12,0,1.275,0.000888
images/119987338/119987338_11.jpg,119987338,living_room,,gpt-4o-2024-08-06,307,12,0,1.216,0.000888
images/245523004/245523004_2.jpg,245523004,kitchen,,gpt-4o-2024-08-06,307,12,0,0.886,0.000888
images/245060365/245060365_5.jpg,245060365,kitchen,,gpt-4o-2024-08-06,307,12,0,1.204,0.000888
images/300074943/300074943_11.jpg,300074943,other,gym,gpt-4o-2024-08-06,307,11,0,1.199,0.000878
images/119987338/119987338_12.jpg,119987338,kitchen,,gpt-4o-2024-08-06,307,12,0,0.983,0.000888
images/245523004/245523004_3.jpg,245523004,kitchen,,gpt-4o-2024-08-06,307,12,0,1.116,0.000888
images/245060365/245060365_6.jpg,245060365,bedroom,,gpt-4o-2024-08-06,307,12,0,1.017,0.000888
images/300074943/300074943_12.jpg,300074943,other,exterior,gpt-4o-2024-08-06,307,12,0,1.274,0.000888
images/245523004/245523004_4.jpg,245523004,living_room,,gpt-4o-2024-08-06,307,12,0,1.01,0.000888
images/245040272/245040272_1.jpg,245040272,living_room,,gpt-4o-2024-08-06,307,12,0,0.972,0.000888
images/300074943/300074943_13.jpg,300074943,other,floorplan,gpt-4o-2024-08-06,307,12,0,0.892,0.000888
images/245523004/245523004_5.jpg,245523004,living_room,,gpt-4o-2024-08-06,307,12,0,0.919,0.000888
images/245040272/245040272_10.jpg,245040272,bedroom,,gpt-4o-2024-08-06,307,12,0,0.863,0.000888
images/300074943/300074943_2.jpg,300074943,other,dining room,gpt-4o-2024-08-06,307,13,0,1.668,0.000897
images/245523004/245523004_6.jpg,245523004,other,dining room,gpt-4o-2024-08-06,307,13,0,1.407,0.000897
images/245040272/245040272_11.jpg,245040272,bathroom,,gpt-4o-2024-08-06,307,12,0,1.033,0.000888
images/300074943/300074943_3.jpg,300074943,kitchen,,gpt-4o-2024-08-06,307,12,0,0.895,0.000888
images/245040272/245040272_12.jpg,245040272,kitchen,,gpt-4o-2024-08-06,307,12,0,1.069,0.000888
images/300074943/300074943_4.jpg,300074943,kitchen,,gpt-4o-2024-08-06,307,12,0,1.048,0.000888
images/451821668/451821668_1.jpg,451821668,living_room,,gpt-4o-2024-08-06,307,12,0,1.047,0.000888
images/300074943/300074943_5.jpg,300074943,bedroom,,gpt-4o-2024-08-06,307,12,0,0.759,0.000888
images/119987338/119987338_13.jpg,119987338,other,balcony,gpt-4o-2024-08-06,307,12,0,6.674,0.000888
images/451821668/451821668_2.jpg,451821668,living_room,,gpt-4o-2024-08-06,307,12,0,0.764,0.000888
images/119987338/119987338_14.jpg,119987338,other,hallway,gpt-4o-2024-08-06,307,12,0,0.855,0.000888
images/300074943/300074943_6.jpg,300074943,bathroom,,gpt-4o-2024-08-06,307,12,0,1.395,0.000888
images/451821668/451821668_3.jpg,451821668,living_room,,gpt-4o-2024-08-06,307,12,0,0.988,0.000888
images/30785005/30785005_1.jpg,30785005,other,exterior,gpt-4o-2024-08-06,307,12,0,1.414,0.000888
images/451821668/451821668_4.jpg,451821668,bedroom,,gpt-4o-2024-08-06,307,12,0,1.142,0.000888
images/30785005/30785005_10.jpg,30785005,kitchen,,gpt-4o-2024-08-06,307,12,0,1.026,0.000888
images/451821668/451821668_5.jpg,451821668,bathroom,,gpt-4o-2024-08-06,307,12,0,0.952,0.000888
images/451821668/451821668_6.jpg,451821668,other,exterior,gpt-4o-2024-08-06,307,12,0,1.104,0.000888
images/30785005/30785005_11.jpg,30785005,kitchen,,gpt-4o-2024-08-06,307,12,0,1.225,0.000888
images/451821668/451821668_7.jpg,451821668,other,floorplan,gpt-4o-2024-08-06,307,12,0,0.924,0.000888
images/30785005/30785005_12.jpg,30785005,kitchen,,gpt-4o-2024-08-06,307,12,0,1.122,0.000888
images/30785005/30785005_13.jpg,30785005,kitchen,,gpt-4o-2024-08-06,307,12,0,1.179,0.000888
images/451821668/451821668_hero.jpg,451821668,living_room,,gpt-4o-2024-08-06,307,12,0,1.463,0.000888
images/30785005/30785005_14.jpg,30785005,kitchen,,gpt-4o-2024-08-06,307,12,0,0.937,0.000888
images/89066621/89066621_1.jpg,89066621,bedroom,,gpt-4o-2024-08-06,307,12,0,0.934,0.000888
images/30785005/30785005_15.jpg,30785005,bathroom,,gpt-4o-2024-08-06,307,12,0,0.961,0.000888
images/89066621/89066621_2.jpg,89066621,kitchen,,gpt-4o-2024-08-06,307,12,0,1.085,0.000888
images/30785005/30785005_16.jpg,30785005,bedroom,,gpt-4o-2024-08-06,307,12,0,1.075,0.000888
images/89066621/89066621_3.jpg,89066621,kitchen,,gpt-4o-2024-08-06,307,12,0,0.874,0.000888
images/30785005/30785005_17.jpg,30785005,bedroom,,gpt-4o-2024-08-06,307,12,0,1.191,0.000888
images/89066621/89066621_4.jpg,89066621,other,closet,gpt-4o-2024-08-06,307,12,0,0.939,0.000888
images/30785005/30785005_18.jpg,30785005,bedroom,,gpt-4o-2024-08-06,307,12,0,1.38,0.000888
images/89066621/89066621_5.jpg,89066621,bathroom,,gpt-4o-2024-08-06,307,12,0,1.194,0.000888
images/30785005/30785005_19.jpg,30785005,bedroom,,gpt-4o-2024-08-06,307,12,0,1.027,0.000888
images/89066621/89066621_6.jpg,89066621,other,office,gpt-4o-2024-08-06,307,11,0,1.278,0.000878
images/30785005/30785005_2.jpg,30785005,living_room,,gpt-4o-2024-08-06,307,12,0,1.042,0.000888
images/89066621/89066621_7.jpg,89066621,other,exterior,gpt-4o-2024-08-06,307,12,0,1.758,0.000888
images/30718819/30718819_1.jpg,30718819,other,exterior,gpt-4o-2024-08-06,307,12,0,1.075,0.000888
images/89066621/89066621_8.jpg,89066621,other,floorplan,gpt-4o-2024-08-06,307,12,0,0.917,0.000888
images/119987338/119987338_15.jpg,119987338,bathroom,,gpt-4o-2024-08-06,307,12,0,1.063,0.000888
images/89066621/89066621_hero.jpg,89066621,living_room,,gpt-4o-2024-08-06,307,12,0,0.969,0.000888
images/245523004/245523004_7.jpg,245523004,other,closet,gpt-4o-2024-08-06,307,12,0,0.766,0.000888
images/79713844/79713844_1.jpg,79713844,other,hallway,gpt-4o-2024-08-06,307,12,0,0.813,0.000888
images/30718819/30718819_10.jpg,30718819,bedroom,,gpt-4o-2024-08-06,307,12,0,1.447,0.000888
images/79713844/79713844_10.jpg,79713844,kitchen,,gpt-4o-2024-08-06,307,12,0,0.93,0.000888
images/30718819/30718819_11.jpg,30718819,bathroom,,gpt-4o-2024-08-06,307,12,0,0.973,0.000888
images/79713844/79713844_11.jpg,79713844,other,hallway,gpt-4o-2024-08-06,307,12,0,1.064,0.000888
images/30718819/30718819_12.jpg,30718819,other,hallway,gpt-4o-2024-08-06,307,12,0,0.774,0.000888
images/79713844/79713844_12.jpg,79713844,other,hallway,gpt-4o-2024-08-06,307,12,0,0.821,0.000888
images/30718819/30718819_13.jpg,30718819,bathroom,,gpt-4o-2024-08-06,307,12,0,1.132,0.000888
images/79713844/79713844_13.jpg,79713844,bathroom,,gpt-4o-2024-08-06,307,12,0,0.791,0.000888
images/245523004/245523004_8.jpg,245523004,bedroom,,gpt-4o-2024-08-06,307,12,0,1.133,0.000888
images/79713844/79713844_14.jpg,79713844,bedroom,,gpt-4o-2024-08-06,307,12,0,0.82,0.000888
images/439578555/439578555_1.jpg,439578555,living_room,,gpt-4o-2024-08-06,307,12,0,0.899,0.000888
images/79713844/79713844_15.jpg,79713844,bedroom,,gpt-4o-2024-08-06,307,12,0,1.249,0.000888
images/439578555/439578555_10.jpg,439578555,bedroom,,gpt-4o-2024-08-06,307,12,0,0.955,0.000888
images/79713844/79713844_16.jpg,79713844,bedroom,,gpt-4o-2024-08-06,307,12,0,0.833,0.000888
images/439578555/439578555_11.jpg,439578555,bedroom,,gpt-4o-2024-08-06,307,12,0,0.795,0.000888
images/79713844/79713844_17.jpg,79713844,other,laundry room,gpt-4o-2024-08-06,307,13,0,0.831,0.000897
images/439578555/439578555_12.jpg,439578555,bedroom,,gpt-4o-2024-08-06,307,12,0,0.835,0.000888
images/79713844/79713844_18.jpg,79713844,other,hallway,gpt-4o-2024-08-06,307,12,0,1.013,0.000888
images/439578555/439578555_13.jpg,439578555,bathroom,,gpt-4o-2024-08-06,307,12,0,0.947,0.000888
images/79713844/79713844_19.jpg,79713844,other,hallway,gpt-4o-2024-08-06,307,12,0,1.341,0.000888
images/30718819/30718819_14.jpg,30718819,bathroom,,gpt-4o-2024-08-06,307,12,0,0.78,0.000888
images/30718819/30718819_15.jpg,30718819,bedroom,,gpt-4o-2024-08-06,307,12,0,0.932,0.000888
images/79713844/79713844_2.jpg,79713844,living_room,,gpt-4o-2024-08-06,307,12,0,1.76,0.000888
images/30718819/30718819_16.jpg,30718819,other,exercise room,gpt-4o-2024-08-06,307,12,0,0.868,0.000888
images/119987338/119987338_16.jpg,119987338,bedroom,,gpt-4o-2024-08-06,307,12,0,0.84,0.000888
images/30718819/30718819_17.jpg,30718819,bathroom,,gpt-4o-2024-08-06,307,12,0,0.793,0.000888
images/458844757/458844757_1.jpg,458844757,living_room,,gpt-4o-2024-08-06,307,12,0,1.012,0.000888
images/30718819/30718819_18.jpg,30718819,other,exterior,gpt-4o-2024-08-06,307,12,0,0.937,0.000888
images/458844757/458844757_2.jpg,458844757,bedroom,,gpt-4o-2024-08-06,307,12,0,0.928,0.000888
images/30718819/30718819_19.jpg,30718819,other,backyard,gpt-4o-2024-08-06,307,12,0,0.95,0.000888
images/458844757/458844757_3.jpg,458844757,bathroom,,gpt-4o-2024-08-06,307,12,0,0.911,0.000888
images/30718819/30718819_2.jpg,30718819,other,hallway,gpt-4o-2024-08-06,307,12,0,0.92,0.000888
images/439578555/439578555_14.jpg,439578555,bathroom,,gpt-4o-2024-08-06,307,12,0,1.113,0.000888
images/30718819/30718819_20.jpg,30718819,other,exterior,gpt-4o-2024-08-06,307,12,0,1.21,0.000888
images/439578555/439578555_15.jpg,439578555,bathroom,,gpt-4o-2024-08-06,307,12,0,0.953,0.000888
images/30718819/30718819_3.jpg,30718819,living_room,,gpt-4o-2024-08-06,307,12,0,0.887,0.000888
images/439578555/439578555_16.jpg,439578555,bedroom,,gpt-4o-2024-08-06,307,12,0,0.961,0.000888
images/439578555/439578555_17.jpg,439578555,bedroom,,gpt-4o-2024-08-06,307,12,0,0.952,0.000888
images/30718819/30718819_4.jpg,30718819,living_room,,gpt-4o-2024-08-06,307,12,0,2.007,0.000888
images/439578555/439578555_18.jpg,439578555,other,backyard,gpt-4o-2024-08-06,307,12,0,0.806,0.000888
images/30718819/30718819_5.jpg,30718819,other,dining room,gpt-4o-2024-08-06,307,13,0,1.026,0.000897
images/439578555/439578555_19.jpg,439578555,other,backyard,gpt-4o-2024-08-06,307,12,0,0.759,0.000888
images/30718819/30718819_6.jpg,30718819,bathroom,,gpt-4o-2024-08-06,307,12,0,0.82,0.000888
images/449031388/449031388_1.jpg,449031388,kitchen,,gpt-4o-2024-08-06,307,12,0,1.377,0.000888
images/30718819/30718819_7.jpg,30718819,kitchen,,gpt-4o-2024-08-06,307,12,0,1.019,0.000888
images/449031388/449031388_10.jpg,449031388,bathroom,,gpt-4o-2024-08-06,307,12,0,0.923,0.000888
images/122588155/122588155_1.jpg,122588155,other,exterior,gpt-4o-2024-08-06,307,12,0,0.788,0.000888
images/449031388/449031388_11.jpg,449031388,other,exterior,gpt-4o-2024-08-06,307,12,0,1.034,0.000888
images/122588155/122588155_10.jpg,122588155,bathroom,,gpt-4o-2024-08-06,307,12,0,1.4,0.000888
images/449031388/449031388_12.jpg,449031388,other,floorplan,gpt-4o-2024-08-06,307,12,0,1.038,0.000888
images/122588155/122588155_11.jpg,122588155,bathroom,,gpt-4o-2024-08-06,307,12,0,0.863,0.000888
images/439578555/439578555_2.jpg,439578555,living_room,,gpt-4o-2024-08-06,307,12,0,1.026,0.000888
images/122588155/122588155_12.jpg,122588155,bedroom,,gpt-4o-2024-08-06,307,12,0,1.512,0.000888
images/439578555/439578555_20.jpg,439578555,other,staircase,gpt-4o-2024-08-06,307,13,0,0.872,0.000897
images/122588155/122588155_13.jpg,122588155,other,closet,gpt-4o-2024-08-06,307,12,0,0.8,0.000888
images/439578555/439578555_21.jpg,439578555,living_room,,gpt-4o-2024-08-06,307,12,0,0.894,0.000888
images/122588155/122588155_14.jpg,122588155,other,office,gpt-4o-2024-08-06,307,11,0,1.221,0.000878
images/439578555/439578555_22.jpg,439578555,living_room,,gpt-4o-2024-08-06,307,12,0,1.043,0.000888
images/439578555/439578555_23.jpg,439578555,living_room,,gpt-4o-2024-08-06,307,12,0,1.022,0.000888
images/122588155/122588155_15.jpg,122588155,other,office,gpt-4o-2024-08-06,307,11,0,2.1,0.000878
images/439578555/439578555_24.jpg,439578555,living_room,,gpt-4o-2024-08-06,307,12,0,1.043,0.000888
images/122588155/122588155_16.jpg,122588155,other,exterior,gpt-4o-2024-08-06,307,12,0,1.657,0.000888
images/439578555/439578555_25.jpg,439578555,living_room,,gpt-4o-2024-08-06,307,12,0,1.697,0.000888
images/122588155/122588155_17.jpg,122588155,other,exterior,gpt-4o-2024-08-06,307,12,0,0.801,0.000888
images/439578555/439578555_26.jpg,439578555,living_room,,gpt-4o-2024-08-06,307,12,0,0.893,0.000888
images/122588155/122588155_18.jpg,122588155,other,hallway,gpt-4o-2024-08-06,307,12,0,0.951,0.000888
images/439578555/439578555_27.jpg,439578555,living_room,,gpt-4o-2024-08-06,307,12,0,1.072,0.000888
images/122588155/122588155_19.jpg,122588155,other,closet,gpt-4o-2024-08-06,307,12,0,1.024,0.000888
images/439578555/439578555_28.jpg,439578555,bathroom,,gpt-4o-2024-08-06,307,12,0,0.889,0.000888
images/458844757/458844757_4.jpg,458844757,other,exterior,gpt-4o-2024-08-06,307,12,0,0.81,0.000888
images/439578555/439578555_29.jpg,439578555,other,floorplan,gpt-4o-2024-08-06,307,12,0,1.319,0.000888
images/458844757/458844757_5.jpg,458844757,other,laundry room,gpt-4o-2024-08-06,307,13,0,0.761,0.000897
images/439578555/439578555_3.jpg,439578555,living_room,,gpt-4o-2024-08-06,307,12,0,0.987,0.000888
images/449031388/449031388_2.jpg,449031388,living_room,,gpt-4o-2024-08-06,307,12,0,0.791,0.000888
images/439578555/439578555_4.jpg,439578555,living_room,,gpt-4o-2024-08-06,307,12,0,1.228,0.000888
images/449031388/449031388_3.jpg,449031388,other,exterior,gpt-4o-2024-08-06,307,12,0,1.446,0.000888
images/439578555/439578555_5.jpg,439578555,kitchen,,gpt-4o-2024-08-06,307,12,0,1.317,0.000888
images/449031388/449031388_4.jpg,449031388,other,exterior,gpt-4o-2024-08-06,307,12,0,1.382,0.000888
images/455580860/455580860_1.jpg,455580860,living_room,,gpt-4o-2024-08-06,307,12,0,1.081,0.000888
images/449031388/449031388_5.jpg,449031388,living_room,,gpt-4o-2024-08-06,307,12,0,1.082,0.000888
images/455580860/455580860_10.jpg,455580860,bedroom,,gpt-4o-2024-08-06,307,12,0,1.471,0.000888
images/455580860/455580860_11.jpg,455580860,bathroom,,gpt-4o-2024-08-06,307,12,0,1.287,0.000888
images/449031388/449031388_6.jpg,449031388,bathroom,,gpt-4o-2024-08-06,307,12,0,2.273,0.000888
images/455580860/455580860_12.jpg,455580860,bedroom,,gpt-4o-2024-08-06,307,12,0,1.164,0.000888
images/449031388/449031388_7.jpg,449031388,bedroom,,gpt-4o-2024-08-06,307,12,0,1.051,0.000888
images/30783144/30783144_1.jpg,30783144,living_room,,gpt-4o-2024-08-06,307,12,0,1.019,0.000888
images/455580860/455580860_13.jpg,455580860,bathroom,,gpt-4o-2024-08-06,307,12,0,1.248,0.000888
images/30783144/30783144_10.jpg,30783144,bedroom,,gpt-4o-2024-08-06,307,12,0,1.092,0.000888
images/30783144/30783144_11.jpg,30783144,other,backyard,gpt-4o-2024-08-06,307,12,0,0.659,0.000888
images/455580860/455580860_14.jpg,455580860,other,exterior,gpt-4o-2024-08-06,307,12,0,1.601,0.000888
images/30783144/30783144_12.jpg,30783144,other,real estate sign,gpt-4o-2024-08-06,307,13,0,1.109,0.000897
images/455580860/455580860_15.jpg,455580860,other,exterior,gpt-4o-2024-08-06,307,12,0,1.334,0.000888
images/458844757/458844757_6.jpg,458844757,other,exterior,gpt-4o-2024-08-06,307,12,0,1.093,0.000888
images/455580860/455580860_16.jpg,455580860,other,floorplan,gpt-4o-2024-08-06,307,12,0,1.221,0.000888
images/458844757/458844757_7.jpg,458844757,bathroom,,gpt-4o-2024-08-06,307,12,0,1.1,0.000888
images/455580860/455580860_2.jpg,455580860,other,office,gpt-4o-2024-08-06,307,11,0,1.068,0.000878
images/122588155/122588155_2.jpg,122588155,living_room,,gpt-4o-2024-08-06,307,12,0,1.802,0.000888
images/455580860/455580860_3.jpg,455580860,living_room,,gpt-4o-2024-08-06,307,12,0,2.253,0.000888
images/122588155/122588155_20.jpg,122588155,other,living area,gpt-4o-2024-08-06,307,12,0,1.776,0.000888
images/455580860/455580860_4.jpg,455580860,other,dining room,gpt-4o-2024-08-06,307,13,0,1.05,0.000897
images/122588155/122588155_21.jpg,122588155,living_room,,gpt-4o-2024-08-06,307,12,0,1.042,0.000888
images/455580860/455580860_5.jpg,455580860,kitchen,,gpt-4o-2024-08-06,307,12,0,1.564,0.000888
images/122588155/122588155_22.jpg,122588155,other,floorplan,gpt-4o-2024-08-06,307,12,0,0.928,0.000888
images/2054934812/2054934812_1.jpg,2054934812,living_room,,gpt-4o-2024-08-06,307,12,0,1.151,0.000888
images/122588155/122588155_3.jpg,122588155,other,fireplace,gpt-4o-2024-08-06,307,12,0,1.222,0.000888
images/2054934812/2054934812_10.jpg,2054934812,other,empty room,gpt-4o-2024-08-06,307,12,0,1.217,0.000888
images/2054934812/2054934812_11.jpg,2054934812,living_room,,gpt-4o-2024-08-06,307,12,0,1.226,0.000888
images/2054934812/2054934812_12.jpg,2054934812,living_room,,gpt-4o-2024-08-06,307,12,0,1.611,0.000888
images/2054934812/2054934812_13.jpg,2054934812,bedroom,,gpt-4o-2024-08-06,307,12,0,0.812,0.000888
images/458844757/458844757_8.jpg,458844757,other,floorplan,gpt-4o-2024-08-06,307,12,0,1.186,0.000888
images/2054934812/2054934812_14.jpg,2054934812,bedroom,,gpt-4o-2024-08-06,307,12,0,0.915,0.000888
images/458844757/458844757_hero.jpg,458844757,living_room,,gpt-4o-2024-08-06,307,12,0,1.139,0.000888
images/2054934812/2054934812_15.jpg,2054934812,bedroom,,gpt-4o-2024-08-06,307,12,0,1.294,0.000888
images/2079507264/2079507264_1.jpg,2079507264,bedroom,,gpt-4o-2024-08-06,307,12,0,1.151,0.000888
images/2054934812/2054934812_16.jpg,2054934812,bedroom,,gpt-4o-2024-08-06,307,12,0,1.166,0.000888
images/2079507264/2079507264_10.jpg,2079507264,other,floorplan,gpt-4o-2024-08-06,307,12,0,0.859,0.000888
images/2054934812/2054934812_17.jpg,2054934812,bedroom,,gpt-4o-2024-08-06,307,12,0,1.43,0.000888
images/2079507264/2079507264_2.jpg,2079507264,bathroom,,gpt-4o-2024-08-06,307,12,0,1.02,0.000888
images/2054934812/2054934812_18.jpg,2054934812,bathroom,,gpt-4o-2024-08-06,307,12,0,0.829,0.000888
images/2054934812/2054934812_19.jpg,2054934812,bathroom,,gpt-4o-2024-08-06,307,12,0,0.927,0.000888
images/2054934812/2054934812_2.jpg,2054934812,other,hallway,gpt-4o-2024-08-06,307,12,0,1.436,0.000888
images/2079507264/2079507264_3.jpg,2079507264,living_room,,gpt-4o-2024-08-06,307,12,0,3.06,0.000888
images/2054934812/2054934812_20.jpg,2054934812,other,laundry room,gpt-4o-2024-08-06,307,13,0,0.902,0.000897
images/2079507264/2079507264_4.jpg,2079507264,bedroom,,gpt-4o-2024-08-06,307,12,0,1.026,0.000888
images/2079507264/2079507264_5.jpg,2079507264,living_room,,gpt-4o-2024-08-06,307,12,0,1.182,0.000888
images/2054934812/2054934812_21.jpg,2054934812,other,exterior,gpt-4o-2024-08-06,307,12,0,1.361,0.000888
images/2079507264/2079507264_6.jpg,2079507264,bathroom,,gpt-4o-2024-08-06,307,12,0,1.034,0.000888
images/2054934812/2054934812_22.jpg,2054934812,other,parking lot,gpt-4o-2024-08-06,307,12,0,0.929,0.000888
images/2079507264/2079507264_7.jpg,2079507264,kitchen,,gpt-4o-2024-08-06,307,12,0,0.76,0.000888
images/2054934812/2054934812_3.jpg,2054934812,kitchen,,gpt-4o-2024-08-06,307,12,0,1.039,0.000888
images/459718105/459718105_1.jpg,459718105,living_room,,gpt-4o-2024-08-06,307,12,0,1.566,0.000888
images/448006342/448006342_1.jpg,448006342,living_room,,gpt-4o-2024-08-06,307,12,0,1.408,0.000888
images/459718105/459718105_10.jpg,459718105,other,exterior,gpt-4o-2024-08-06,307,12,0,1.294,0.000888
images/448006342/448006342_2.jpg,448006342,living_room,,gpt-4o-2024-08-06,307,12,0,1.946,0.000888
images/459718105/459718105_11.jpg,459718105,other,exterior,gpt-4o-2024-08-06,307,12,0,1.441,0.000888
images/448006342/448006342_3.jpg,448006342,kitchen,,gpt-4o-2024-08-06,307,12,0,1.533,0.000888
images/459718105/459718105_12.jpg,459718105,other,floorplan,gpt-4o-2024-08-06,307,12,0,1.313,0.000888
images/459718105/459718105_2.jpg,459718105,kitchen,,gpt-4o-2024-08-06,307,12,0,1.285,0.000888
images/448006342/448006342_4.jpg,448006342,bedroom,,gpt-4o-2024-08-06,307,12,0,1.472,0.000888
images/459718105/459718105_3.jpg,459718105,bedroom,,gpt-4o-2024-08-06,307,12,0,0.884,0.000888
images/448006342/448006342_5.jpg,448006342,bathroom,,gpt-4o-2024-08-06,307,12,0,0.876,0.000888
images/459718105/459718105_4.jpg,459718105,bathroom,,gpt-4o-2024-08-06,307,12,0,1.265,0.000888
images/30783144/30783144_2.jpg,30783144,kitchen,,gpt-4o-2024-08-06,307,12,0,1.363,0.000888
images/30783144/30783144_3.jpg,30783144,kitchen,,gpt-4o-2024-08-06,307,12,0,3.175,0.000888
images/30783144/30783144_4.jpg,30783144,living_room,,gpt-4o-2024-08-06,307,12,0,0.939,0.000888
images/30783144/30783144_5.jpg,30783144,bathroom,,gpt-4o-2024-08-06,307,12,0,1.011,0.000888
images/122588155/122588155_4.jpg,122588155,other,living space with piano,gpt-4o-2024-08-06,307,14,0,41.715,0.000907
images/122588155/122588155_5.jpg,122588155,other,dining room,gpt-4o-2024-08-06,307,13,0,1.37,0.000897
images/122588155/122588155_6.jpg,122588155,other,living space,gpt-4o-2024-08-06,307,12,0,1.431,0.000888
images/122588155/122588155_7.jpg,122588155,kitchen,,gpt-4o-2024-08-06,307,12,0,0.818,0.000888
